PDB,Chain,Mut,Predicted
107L,A,G44S,0.009
108L,A,I44S,-0.465
109L,A,K44S,-0.46
110L,A,L44S,-0.029
111L,A,N44S,0.157
112L,A,P44S,0.178
113L,A,R44S,-0.49
114L,A,T44S,-0.142
115L,A,V44S,0.161
118L,A,S130A,1.03
119L,A,S134A,0.257
120L,A,S41A,0.675
122L,A,S73A,0.245
123L,A,S82A,0.018
125L,A,S98A,2.117
126L,A,T149V,1.513
127L,A,T75V,0.27
128L,A,T87V,0.354
137L,A,F44S,-0.054
149L,A,L3I,-0.49
150L,A,I6M,1.164
172L,A,C3I,1.125
1AMQ,A,C191F,0.8
1AMQ,A,C191S,-0.149
1AMQ,A,C191W,1.222
1AMQ,A,C191Y,1.21
1B7S,A,S74V,0.123
1BAN,A,A91S,1.013
1BAO,A,F78Y,0.608
1BNI,A,F7L,-0.108
1BNI,A,I51V,-1.831
1BNI,A,I76A,-3.334
1BNI,A,I76V,-1.76
1BNI,A,I88A,-2.033
1BNI,A,I88V,-1.409
1BNI,A,I96A,-3.075
1BNI,A,I96V,-2.044
1BNI,A,L14A,-1.84
1BNI,A,L89V,-1.109
1BNI,A,S91A,0.745
1BNI,A,T26A,-0.105
1BNI,A,Y78F,1.007
1BNS,A,A26T,0.733
1BPT,A,A23Y,1.028
1BRG,A,L7F,0.717
1BRH,A,A14L,1.67
1BRI,A,A76I,1.259
1BRJ,A,A88I,1.557
1BRK,A,A96I,1.974
1BSA,A,V51I,0.841
1BSB,A,V76I,0.459
1BSC,A,V88I,1.216
1BSD,A,V96I,0.03
1BSE,A,V89L,0.433
1BTI,A,A22F,0.996
1CEY,A,D12A,0.623
1CEY,A,D13A,0.058
1CEY,A,D57A,1.185
1CTW,A,A78I,0.641
1CU0,A,M78I,-0.345
1CU2,A,M84L,-0.502
1CU3,A,M87V,-0.268
1CU5,A,M91L,0.8
1CU6,A,A91L,1.506
1CUP,A,M100I,-0.282
1CUQ,A,M103V,-1.363
1CV0,A,M104F,1.171
1CV1,A,M111V,-1.19
1CV3,A,M121L,0.705
1CV4,A,M118L,0.904
1CV5,A,M133L,1.058
1CV6,A,M149V,-0.996
1CVK,A,A118L,1.796
1D2W,A,M27I,0.393
1D2Y,A,M50I,-0.427
1D3J,A,M66L,-0.503
1DMM,A,F57Y,0.555
1DMQ,A,F32Y,-0.579
1DYA,A,D131V,-0.512
1DYB,A,G131V,0.355
1DYC,A,I131V,-0.107
1DYD,A,L131V,-0.25
1DYE,A,S131V,-0.246
1DYF,A,M131V,-0.275
1DYG,A,E131V,-0.386
1E6K,A,A12D,-1.666
1E6L,A,A13D,0.125
1E6M,A,A57D,-0.592
1EY0,A,I72L,-0.695
1EY0,A,I72V,-1.143
1EY0,A,I92V,-1.458
1EY0,A,K116G,0.743
1EY0,A,L25I,-0.355
1EY0,A,P117A,-0.326
1EY0,A,P117G,0.071
1EY0,A,P117T,0.401
1EY0,A,S128A,-0.005
1EY0,A,S59A,0.628
1EY0,A,T120C,-0.554
1EY0,A,T120S,-0.625
1EY0,A,T120V,-0.297
1EY0,A,T22C,0.383
1EY0,A,T22V,0.239
1EY0,A,T33V,0.623
1EY0,A,T41C,0.425
1EY0,A,T41I,1.8
1EY0,A,T41S,-0.637
1EY0,A,T41V,0.042
1EY0,A,T44V,-0.031
1EY0,A,T62S,-1.397
1EY0,A,T62V,0.424
1EY0,A,T82S,-0.041
1EY0,A,V23L,-0.079
1EY0,A,V66I,0.245
1EY0,A,V66K,-0.809
1EY0,A,V66L,0.685
1EY4,A,A59S,0.232
1EY5,A,V33T,-0.232
1EY6,A,I41T,-1.794
1EY7,A,A128S,-0.844
1FAN,A,A45F,1.243
1FLQ,A,A117G,1.419
1FLU,A,A67G,0.53
1FLW,A,A71G,0.625
1FLY,A,A102G,0.094
1FN5,A,A49G,1.691
1G06,A,S149V,0.72
1G07,A,C149V,-0.421
1G0G,A,A152T,-0.584
1G0J,A,S152T,0.423
1G0K,A,C152T,-0.121
1G0L,A,V152T,-1.467
1G0M,A,I152T,-2.109
1G0P,A,G149V,2.477
1G0Q,A,I149V,-1.49
1G1V,A,T58I,1.793
1G1W,A,M105Q,-0.242
1GAY,A,G2V,0.313
1GB0,A,L2V,0.012
1GB2,A,M2V,0.405
1GB3,A,F2V,-0.459
1GB5,A,G74V,0.495
1GB6,A,I74V,-0.577
1GB7,A,L74V,-0.448
1GB8,A,M74V,-0.247
1GB9,A,F74V,-0.335
1GBO,A,G110V,0.261
1GBW,A,I110V,0.011
1GBX,A,L110V,-0.008
1GBY,A,M110V,0.061
1GBZ,A,F110V,-0.371
1GF8,A,S2V,0.215
1GF9,A,Y2V,-0.484
1GFA,A,D2V,0.573
1GFE,A,N2V,-0.22
1GFG,A,R2V,0.197
1GFH,A,Y74V,-0.141
1GFJ,A,D74V,0.56
1GFK,A,N74V,-0.11
1GFR,A,R74V,-0.296
1GFT,A,Y110V,-0.475
1GFU,A,D110V,0.591
1GFV,A,N110V,0.126
1GOB,A,A77G,-0.537
1HEM,A,T91S,-0.329
1HEO,A,V55I,0.469
1HER,A,S40T,0.504
1HIB,A,G9T,-1.01
1HNL,A,A77C,-0.277
1I6S,A,A101N,-1.686
1IHB,A,F71N,-0.348
1IHB,A,F82Q,-0.164
1IHB,A,F92N,-0.805
1INU,A,R110V,0.376
1IOB,A,T9G,-0.987
1IOS,A,F12M,-0.676
1IOT,A,L12M,0.209
1IR7,A,M78I,0.198
1IR8,A,M58I,0.019
1IR9,A,M98I,0.057
1KAB,A,G116K,-0.646
1KVA,A,A134D,0.258
1KVB,A,H134D,-0.524
1KVC,A,N134D,-0.568
1L00,A,A105Q,0.08
1L02,A,A157T,-0.023
1L03,A,C157T,0.234
1L04,A,D157T,-0.806
1L06,A,E157T,0.082
1L07,A,F157T,-0.557
1L08,A,G157T,-0.184
1L09,A,H157T,0.734
1L10,A,I157T,-0.184
1L11,A,L157T,0.226
1L12,A,N157T,-0.13
1L13,A,R157T,0.191
1L14,A,S157T,0.269
1L15,A,V157T,-0.076
1L16,A,D156G,-0.676
1L17,A,V3I,1.256
1L18,A,Y3I,0.754
1L19,A,D38S,0.282
1L20,A,D144N,-0.245
1L21,A,G55N,-0.535
1L22,A,G124K,-0.216
1L23,A,A77G,-1.035
1L24,A,P82A,-0.152
1L33,A,A131V,0.006
1L37,A,E115T,-0.528
1L38,A,E123Q,-0.864
1L39,A,E144N,-0.036
1L42,A,E16K,-0.198
1L44,A,E119R,0.022
1L45,A,E135K,0.499
1L46,A,E147K,-0.839
1L47,A,E154R,-0.15
1L48,A,V98A,-0.286
1L52,A,S152T,0.457
1L53,A,C149V,-0.792
1L55,A,N92D,-0.311
1L56,A,P60K,0.054
1L57,A,D116N,0.194
1L59,A,N109T,-0.327
1L60,A,A113G,-0.062
1L61,A,N38S,-0.039
1L62,A,D109T,0.651
1L63,A,A129F,-0.92
1L63,A,A129W,-0.857
1L63,A,A130S,-0.491
1L63,A,A134S,-0.89
1L63,A,A41S,0.374
1L63,A,A42S,-0.08
1L63,A,A42V,0.513
1L63,A,A49S,-0.208
1L63,A,A73S,-0.157
1L63,A,A82S,-0.182
1L63,A,A93S,-0.431
1L63,A,A98C,0.352
1L63,A,A98L,0.477
1L63,A,A98S,-1.312
1L63,A,A98V,0.338
1L63,A,D20A,-0.714
1L63,A,D20N,-0.392
1L63,A,D20S,-0.24
1L63,A,D47A,0.068
1L63,A,D72P,-0.43
1L63,A,D92N,-0.114
1L63,A,E11H,0.588
1L63,A,E11N,-0.207
1L63,A,F104M,-1.433
1L63,A,F153A,-0.603
1L63,A,F153I,0.326
1L63,A,F153L,-0.05
1L63,A,F153M,0.387
1L63,A,F153V,-0.588
1L63,A,F67A,-2.396
1L63,A,I100A,-3.327
1L63,A,I100M,-0.051
1L63,A,I100V,-2.22
1L63,A,I17A,-2.123
1L63,A,I27A,-1.73
1L63,A,I27M,0.102
1L63,A,I29A,-2.262
1L63,A,I50A,-2.018
1L63,A,I50M,0.173
1L63,A,I58A,-1.643
1L63,A,I58T,-1.573
1L63,A,I78A,-3.45
1L63,A,I78M,0.236
1L63,A,I78V,-2.211
1L63,A,K43A,-0.579
1L63,A,L118A,-2.242
1L63,A,L118M,-0.576
1L63,A,L121M,-0.545
1L63,A,L133F,0.445
1L63,A,L133M,-0.229
1L63,A,L46A,-3.027
1L63,A,L66M,0.573
1L63,A,L84A,-3.35
1L63,A,L84M,-0.067
1L63,A,L91A,-1.404
1L63,A,L91M,0.185
1L63,A,L99A,-2.407
1L63,A,L99F,-0.622
1L63,A,L99I,-0.109
1L63,A,L99M,-0.54
1L63,A,L99V,-1.109
1L63,A,M102L,0.891
1L63,A,M106I,-0.074
1L63,A,M106K,0.03
1L63,A,M106L,-0.524
1L63,A,M120K,0.759
1L63,A,M120L,0.099
1L63,A,M120Y,1.048
1L63,A,M6A,-0.961
1L63,A,M6L,0.281
1L63,A,N101A,1.018
1L63,A,N144E,0.396
1L63,A,Q105M,0.615
1L63,A,S117F,-0.47
1L63,A,S38N,0.049
1L63,A,S44A,-0.128
1L63,A,S44E,0.362
1L63,A,S44F,0.448
1L63,A,S44G,0.116
1L63,A,S44I,0.343
1L63,A,S44K,0.305
1L63,A,S44L,0.307
1L63,A,S44N,0.054
1L63,A,S44P,0.163
1L63,A,S44R,0.098
1L63,A,S44T,0.077
1L63,A,S44V,0.283
1L63,A,T109D,0.169
1L63,A,T109N,-0.049
1L63,A,T152A,1.082
1L63,A,T152C,-0.191
1L63,A,T152I,1.266
1L63,A,T152S,-0.464
1L63,A,T152V,0.775
1L63,A,T59A,-0.017
1L63,A,T59D,0.122
1L63,A,T59G,0.501
1L63,A,T59N,-0.008
1L63,A,T59S,0.444
1L63,A,T59V,-0.039
1L63,A,V103A,-2.039
1L63,A,V103I,0.843
1L63,A,V103M,0.652
1L63,A,V111A,-1.072
1L63,A,V111I,0.326
1L63,A,V111M,0.049
1L63,A,V149A,-1.521
1L63,A,V149C,-0.65
1L63,A,V149G,-2.209
1L63,A,V149I,0.624
1L63,A,V149M,-0.694
1L63,A,V149S,-1.898
1L63,A,V149T,-0.003
1L63,A,V75T,-0.277
1L63,A,V87A,-0.95
1L63,A,V87I,0.585
1L63,A,V87M,0.665
1L63,A,V87T,-1.447
1L65,A,A47D,1.261
1L66,A,A43K,0.793
1L67,A,A46L,0.994
1L68,A,A44S,-0.771
1L69,A,A133L,2.296
1L76,A,P72D,0.684
1L77,A,L102M,0.668
1L85,A,A153F,0.784
1L86,A,I153F,-0.32
1L87,A,L153F,-0.42
1L88,A,M153F,0.796
1L90,A,A99L,1.987
1L91,A,F99L,-0.425
1L92,A,I99L,0.124
1L93,A,M99L,0.237
1L94,A,V99L,1
1L95,A,V153F,-0.788
1L96,A,P3I,1.621
1L98,A,E105Q,-0.073
1L99,A,G105Q,0.608
1LAV,A,L74V,-0.243
1LAW,A,I74V,-0.567
1LHH,A,P110V,0.811
1LHI,A,G71P,-1.587
1LHJ,A,G103P,-1.285
1LHK,A,P91D,0.873
1LHL,A,P47A,0.049
1LSN,A,A91S,-1.896
1LYE,A,V59T,0.471
1LYF,A,S59T,0.246
1LYG,A,N59T,0.085
1LYH,A,G59T,-0.102
1LYI,A,D59T,0.149
1LYJ,A,A59T,0.692
1LZ1,A,A47P,0.4
1LZ1,A,C77A,-1.988
1LZ1,A,D91P,0.306
1LZ1,A,I106A,-2.275
1LZ1,A,I106V,-0.378
1LZ1,A,I23A,-2.314
1LZ1,A,I23V,-0.639
1LZ1,A,I56A,-3.59
1LZ1,A,I56T,-3.162
1LZ1,A,I56V,-1.274
1LZ1,A,I59A,-1.977
1LZ1,A,I59G,-3.346
1LZ1,A,I59V,-0.825
1LZ1,A,I89A,-2.04
1LZ1,A,I89V,-1.552
1LZ1,A,P103G,0.472
1LZ1,A,P71G,-0.531
1LZ1,A,V100A,-0.782
1LZ1,A,V110A,0.339
1LZ1,A,V110D,0.117
1LZ1,A,V110F,0.171
1LZ1,A,V110G,0.336
1LZ1,A,V110I,-0.022
1LZ1,A,V110L,0.031
1LZ1,A,V110M,0.267
1LZ1,A,V110N,0.004
1LZ1,A,V110P,-0.07
1LZ1,A,V110R,0.875
1LZ1,A,V110Y,0.142
1LZ1,A,V121A,-1.094
1LZ1,A,V125A,-1.071
1LZ1,A,V130A,-0.199
1LZ1,A,V2A,-0.26
1LZ1,A,V2D,-0.212
1LZ1,A,V2F,0.394
1LZ1,A,V2G,-0.286
1LZ1,A,V2L,-0.209
1LZ1,A,V2M,-0.099
1LZ1,A,V2N,-0.24
1LZ1,A,V2R,-0.193
1LZ1,A,V2S,-0.21
1LZ1,A,V2Y,0.499
1LZ1,A,V74A,-0.134
1LZ1,A,V74D,0.286
1LZ1,A,V74F,0.324
1LZ1,A,V74G,-0.502
1LZ1,A,V74I,0.124
1LZ1,A,V74L,0.148
1LZ1,A,V74M,-0.268
1LZ1,A,V74N,0.208
1LZ1,A,V74R,0.052
1LZ1,A,V74S,-0.175
1LZ1,A,V74Y,-0.32
1LZ1,A,V93A,-0.878
1LZ1,A,V99A,-0.995
1LZ1,A,Y124F,-0.219
1LZ1,A,Y20F,-0.179
1LZ1,A,Y38F,-0.082
1LZ1,A,Y45F,0.109
1LZ1,A,Y54F,0.253
1LZ1,A,Y63F,0.566
1MX2,A,N71F,1.567
1MX4,A,Q82F,1.009
1MX6,A,N92F,1.406
1NAG,A,G43N,1.228
1OH0,A,Y32F,-0.65
1OH0,A,Y57F,0.297
1OUA,A,T56I,0.365
1OUB,A,A100V,1.088
1OUC,A,A110V,-0.291
1OUD,A,A121V,0.665
1OUE,A,A125V,0.768
1OUF,A,A130V,0.409
1OUG,A,A2V,0.702
1OUH,A,A74V,0.024
1OUI,A,A93V,0.008
1OUJ,A,A99V,0.568
1P2L,A,I87V,-0.214
1P2R,A,V78I,0.374
1P36,A,V100I,-0.517
1P46,A,I106M,0.354
1P64,A,F133L,0.337
1P6Y,A,Y120M,-0.517
1P7S,A,I103V,-1.603
1QIR,A,Y191C,-0.922
1QIS,A,F191C,-0.727
1QIT,A,W191C,-0.558
1QS5,A,L98A,-2
1QS9,A,V98A,-1.408
1QSB,A,C98A,-0.1
1QT6,A,H11E,0.302
1QT7,A,N11E,0.565
1QTB,A,V42A,0.439
1QTC,A,F129A,-3.061
1QTD,A,W129A,-2.932
1RBR,A,P62H,1.257
1RBS,A,A62H,1.016
1RBT,A,G95K,-1.363
1RBU,A,N95K,-0.327
1RBV,A,A95K,0.108
1RDA,A,N10D,-0.886
1RDB,A,Q48E,-0.349
1RDC,A,N70D,-0.384
1RGC,A,K25Q,-0.458
1RN1,C,Q25K,0.068
1SYC,A,G117P,-1.797
1SYE,A,T117P,-0.368
1SYG,A,A117P,-0.328
1TLA,A,F117S,-3.023
1VQB,A,I47L,0.829
1VQB,A,I47M,0.562
1VQB,A,I47V,-0.868
1VQB,A,V35I,0.296
1VQB,A,Y41F,0.247
1VQG,A,L47I,0.442
1VQH,A,M47I,0.093
1VQI,A,V47I,0.996
1VQJ,A,I35V,-0.772
1WQM,A,F124Y,0.462
1WQN,A,F20Y,0.116
1WQO,A,F38Y,-0.338
1WQP,A,F45Y,-0.031
1WQQ,A,F54Y,0.698
1WQR,A,F63Y,0.179
1YAM,A,V106I,0.697
1YAN,A,V23I,1.109
1YAO,A,V56I,0.813
1YAP,A,V59I,0.46
1YAQ,A,V89I,1.19
1YHB,A,F41Y,-0.658
206L,A,S42A,0.942
217L,A,E44S,-0.287
221L,A,S49A,0.428
224L,A,S93A,0.637
230L,A,L6M,0.882
231L,A,K106M,-0.489
232L,A,K120M,-0.046
233L,A,L120M,-0.759
234L,A,L106M,0.177
235L,A,A111V,0.499
236L,A,A87V,0.394
237L,A,A149V,0.55
238L,A,A103V,0.344
239L,A,A17I,1.532
240L,A,A27I,0.914
241L,A,A29I,1.317
242L,A,A50I,0.43
243L,A,A58I,1.913
244L,A,A100I,1.169
245L,A,A6M,0.66
246L,A,A67F,0.38
247L,A,A84L,1.842
253L,A,A20D,-0.054
254L,A,S20D,0.176
255L,A,N20D,-0.309
2EXZ,A,C22T,-0.597
2EY1,A,V22T,-1.262
2EY2,A,C41T,0.446
2EY5,A,S41T,0.136
2EY6,A,V41T,-1.194
2EYF,A,V44T,-0.62
2EYH,A,S62T,-0.328
2EYJ,A,V62T,-1.159
2EYL,A,S82T,-0.015
2EYM,A,C120T,-0.843
2EYO,A,S120T,0.208
2EYP,A,V120T,-0.484
2F0D,A,V92I,0.558
2F0E,A,L23V,-0.476
2F0F,A,I25L,-0.559
2F0G,A,I66V,-1.046
2F0H,A,L66V,-1.683
2F0I,A,L72I,0.116
2F0J,A,V72I,0.749
2HEA,A,A106I,1.728
2HEB,A,A23I,1.146
2HEC,A,A56I,0.45
2HED,A,A59I,1.69
2HEE,A,G59I,2.657
2HEF,A,A89I,0.737
2L78,A,I111V,-0.301
2LZM,A,A82P,0.003
2LZM,A,A98V,0.683
2LZM,A,D89A,-0.366
2LZM,A,G113A,-0.084
2LZM,A,G156D,-0.115
2LZM,A,G77A,0.203
2LZM,A,I3C,-0.677
2LZM,A,I3L,0.887
2LZM,A,I3P,-0.597
2LZM,A,I3V,0.129
2LZM,A,I3Y,-0.674
2LZM,A,K124G,-0.298
2LZM,A,K135E,-0.266
2LZM,A,K147E,-0.101
2LZM,A,K16E,0.05
2LZM,A,K60P,-0.847
2LZM,A,K85A,-0.685
2LZM,A,L133A,-2.87
2LZM,A,M6I,-0.464
2LZM,A,N116D,0.219
2LZM,A,N144D,0.381
2LZM,A,N55G,-0.009
2LZM,A,Q105A,-0.529
2LZM,A,Q105E,0.468
2LZM,A,Q105G,-0.96
2LZM,A,Q123E,0.089
2LZM,A,R119E,-0.112
2LZM,A,R154E,-0.473
2LZM,A,R96A,-1.122
2LZM,A,R96D,-0.207
2LZM,A,R96E,-0.213
2LZM,A,R96G,-1.715
2LZM,A,R96H,-0.677
2LZM,A,R96K,-0.65
2LZM,A,R96M,-0.169
2LZM,A,R96N,-1.331
2LZM,A,R96Q,-1.112
2LZM,A,R96S,-1.851
2LZM,A,R96V,-0.246
2LZM,A,R96W,-0.117
2LZM,A,R96Y,-0.25
2LZM,A,S38D,0.037
2LZM,A,T115E,0.253
2LZM,A,T152S,-0.287
2LZM,A,T157A,-0.472
2LZM,A,T157C,-0.746
2LZM,A,T157D,-0.708
2LZM,A,T157E,-0.596
2LZM,A,T157F,-1.011
2LZM,A,T157G,-0.583
2LZM,A,T157H,-1.487
2LZM,A,T157I,-0.282
2LZM,A,T157L,-0.579
2LZM,A,T157N,-0.764
2LZM,A,T157R,-0.366
2LZM,A,T157S,0.03
2LZM,A,T157V,-0.909
2LZM,A,V131A,0.366
2LZM,A,V131D,0.115
2LZM,A,V131E,0.096
2LZM,A,V131G,0.073
2LZM,A,V131I,0.042
2LZM,A,V131L,-0.036
2LZM,A,V131M,-0.012
2LZM,A,V131S,-0.186
2LZM,A,V149C,-0.584
2RN2,A,A52F,0.05
2RN2,A,A52I,1.126
2RN2,A,A52L,1.202
2RN2,A,A52V,0.77
2RN2,A,D10N,1.224
2RN2,A,D134A,0.375
2RN2,A,D134H,0.624
2RN2,A,D134N,0.581
2RN2,A,D70N,0.406
2RN2,A,E48Q,0.339
2RN2,A,G77A,0.25
2RN2,A,H62A,0.571
2RN2,A,H62P,0.462
2RN2,A,K95A,-0.129
2RN2,A,K95G,0.854
2RN2,A,K95N,0.396
2RN2,A,V74I,1.549
2RN2,A,V74L,1.59
2SNM,A,K66V,0.318
3AA2,A,I52A,-2.393
3AA3,A,L52A,-2.196
3AA4,A,V52A,1.674
3AA5,X,F52A,-1.63
3C7W,A,K96R,-0.368
3C7Y,A,A96R,0.548
3C80,A,Y96R,-0.58
3C81,A,A85K,1.496
3C83,A,A89D,0.764
3C8Q,A,D96R,0.533
3C8R,A,G96R,0.475
3C8S,A,E96R,1.513
3CDO,A,V96R,0.586
3CDQ,A,S96R,2.099
3CDR,A,Q96R,1.087
3CDT,A,N96R,0.93
3CDV,A,M96R,1.048
3F8V,A,H96R,-0.818
3FI5,A,W96R,-1.89
4LYZ,A,G102A,-1.002
4LYZ,A,G117A,-1.473
4LYZ,A,G49A,-0.191
4LYZ,A,G67A,-1.165
4LYZ,A,G71A,0.266
4LYZ,A,I55V,-1.234
4LYZ,A,I58M,0.536
4LYZ,A,I78M,-0.687
4LYZ,A,I98M,0.807
4LYZ,A,M12F,0.832
4LYZ,A,M12L,0.482
4LYZ,A,S91A,1.401
4LYZ,A,S91T,0.431
4LYZ,A,T40S,0.047
5EAA,A,S191C,1.315
5PTI,A,F22A,0.863
5PTI,A,F45A,1.517
5PTI,A,N43G,-0.254
5PTI,A,Y23A,0.82
5PTI,A,Y35G,0.609
8PTI,A,G35Y,1.082
